,TRANSCRIPT,MOCHIS_3_18,MW_3_18,MOCHIS_18_24,MW_18_24,MOCHIS_24_3,MW_24_3,VAR_3_18,INV_3_18,VAR_18_24,INV_18_24,VAR_24_3,INV_24_3
0,ENSMUSG00000030057,8.890549602465168e-38,5.376231266793057e-07,0.9755844106437602,0.003326400682797975,1.1496668034601446e-37,9.098506787316716e-22,1.5133137737669897,False,3.719956831700905,False,5.629461911231591,False
